match_id,round,date,time,china_date,china_time,team1,team2,group,ground,actual_goals1,actual_goals2
1,Matchday 1,2026-06-11,13:00 UTC-6,2026-06-12,03:00,Mexico,South Africa,Group A,Mexico City,2.0,0.0
2,Matchday 1,2026-06-11,20:00 UTC-6,2026-06-12,10:00,South Korea,Czech Republic,Group A,Guadalajara (Zapopan),2.0,1.0
3,Matchday 8,2026-06-18,12:00 UTC-4,2026-06-19,00:00,Czech Republic,South Africa,Group A,Atlanta,,
4,Matchday 8,2026-06-18,19:00 UTC-6,2026-06-19,09:00,Mexico,South Korea,Group A,Guadalajara (Zapopan),,
5,Matchday 14,2026-06-24,19:00 UTC-6,2026-06-25,09:00,Czech Republic,Mexico,Group A,Mexico City,,
6,Matchday 14,2026-06-24,19:00 UTC-6,2026-06-25,09:00,South Africa,South Korea,Group A,Monterrey (Guadalupe),,
7,Matchday 2,2026-06-12,15:00 UTC-4,2026-06-13,03:00,Canada,Bosnia & Herzegovina,Group B,Toronto,1.0,1.0
8,Matchday 3,2026-06-13,12:00 UTC-7,2026-06-14,03:00,Qatar,Switzerland,Group B,San Francisco Bay Area (Santa Clara),1.0,1.0
9,Matchday 8,2026-06-18,12:00 UTC-7,2026-06-19,03:00,Switzerland,Bosnia & Herzegovina,Group B,Los Angeles (Inglewood),,
10,Matchday 8,2026-06-18,15:00 UTC-7,2026-06-19,06:00,Canada,Qatar,Group B,Vancouver,,
11,Matchday 14,2026-06-24,12:00 UTC-7,2026-06-25,03:00,Switzerland,Canada,Group B,Vancouver,,
12,Matchday 14,2026-06-24,12:00 UTC-7,2026-06-25,03:00,Bosnia & Herzegovina,Qatar,Group B,Seattle,,
13,Matchday 3,2026-06-13,18:00 UTC-4,2026-06-14,06:00,Brazil,Morocco,Group C,New York/New Jersey (East Rutherford),1.0,1.0
14,Matchday 3,2026-06-13,21:00 UTC-4,2026-06-14,09:00,Haiti,Scotland,Group C,Boston (Foxborough),0.0,1.0
15,Matchday 9,2026-06-19,18:00 UTC-4,2026-06-20,06:00,Scotland,Morocco,Group C,Boston (Foxborough),,
16,Matchday 9,2026-06-19,20:30 UTC-4,2026-06-20,08:30,Brazil,Haiti,Group C,Philadelphia,,
17,Matchday 14,2026-06-24,18:00 UTC-4,2026-06-25,06:00,Scotland,Brazil,Group C,Miami (Miami Gardens),,
18,Matchday 14,2026-06-24,18:00 UTC-4,2026-06-25,06:00,Morocco,Haiti,Group C,Atlanta,,
19,Matchday 2,2026-06-12,18:00 UTC-7,2026-06-13,09:00,USA,Paraguay,Group D,Los Angeles (Inglewood),4.0,1.0
20,Matchday 3,2026-06-13,21:00 UTC-7,2026-06-14,12:00,Australia,Turkey,Group D,Vancouver,2.0,0.0
21,Matchday 9,2026-06-19,12:00 UTC-7,2026-06-20,03:00,USA,Australia,Group D,Seattle,,
22,Matchday 9,2026-06-19,20:00 UTC-7,2026-06-20,11:00,Turkey,Paraguay,Group D,San Francisco Bay Area (Santa Clara),,
23,Matchday 15,2026-06-25,19:00 UTC-7,2026-06-26,10:00,Turkey,USA,Group D,Los Angeles (Inglewood),,
24,Matchday 15,2026-06-25,19:00 UTC-7,2026-06-26,10:00,Paraguay,Australia,Group D,San Francisco Bay Area (Santa Clara),,
25,Matchday 4,2026-06-14,12:00 UTC-5,2026-06-15,01:00,Germany,Curacao,Group E,Houston,7.0,1.0
26,Matchday 4,2026-06-14,19:00 UTC-4,2026-06-15,07:00,Ivory Coast,Ecuador,Group E,Philadelphia,1.0,0.0
27,Matchday 10,2026-06-20,16:00 UTC-4,2026-06-21,04:00,Germany,Ivory Coast,Group E,Toronto,,
28,Matchday 10,2026-06-20,19:00 UTC-5,2026-06-21,08:00,Ecuador,Curacao,Group E,Kansas City,,
29,Matchday 15,2026-06-25,16:00 UTC-4,2026-06-26,04:00,Curacao,Ivory Coast,Group E,Philadelphia,,
30,Matchday 15,2026-06-25,16:00 UTC-4,2026-06-26,04:00,Ecuador,Germany,Group E,New York/New Jersey (East Rutherford),,
31,Matchday 4,2026-06-14,15:00 UTC-5,2026-06-15,04:00,Netherlands,Japan,Group F,Dallas (Arlington),2.0,2.0
32,Matchday 4,2026-06-14,20:00 UTC-6,2026-06-15,10:00,Sweden,Tunisia,Group F,Monterrey (Guadalupe),5.0,1.0
33,Matchday 10,2026-06-20,12:00 UTC-5,2026-06-21,01:00,Netherlands,Sweden,Group F,Houston,,
34,Matchday 10,2026-06-20,22:00 UTC-6,2026-06-21,12:00,Tunisia,Japan,Group F,Monterrey (Guadalupe),,
35,Matchday 15,2026-06-25,18:00 UTC-5,2026-06-26,07:00,Japan,Sweden,Group F,Dallas (Arlington),,
36,Matchday 15,2026-06-25,18:00 UTC-5,2026-06-26,07:00,Tunisia,Netherlands,Group F,Kansas City,,
37,Matchday 5,2026-06-15,12:00 UTC-7,2026-06-16,03:00,Belgium,Egypt,Group G,Seattle,1.0,1.0
38,Matchday 5,2026-06-15,18:00 UTC-7,2026-06-16,09:00,Iran,New Zealand,Group G,Los Angeles (Inglewood),2.0,2.0
39,Matchday 11,2026-06-21,12:00 UTC-7,2026-06-22,03:00,Belgium,Iran,Group G,Los Angeles (Inglewood),,
40,Matchday 11,2026-06-21,18:00 UTC-7,2026-06-22,09:00,New Zealand,Egypt,Group G,Vancouver,,
41,Matchday 16,2026-06-26,20:00 UTC-7,2026-06-27,11:00,Egypt,Iran,Group G,Seattle,,
42,Matchday 16,2026-06-26,20:00 UTC-7,2026-06-27,11:00,New Zealand,Belgium,Group G,Vancouver,,
43,Matchday 5,2026-06-15,12:00 UTC-4,2026-06-16,00:00,Spain,Cape Verde,Group H,Atlanta,0.0,0.0
44,Matchday 5,2026-06-15,18:00 UTC-4,2026-06-16,06:00,Saudi Arabia,Uruguay,Group H,Miami (Miami Gardens),1.0,1.0
45,Matchday 11,2026-06-21,12:00 UTC-4,2026-06-22,00:00,Spain,Saudi Arabia,Group H,Atlanta,,
46,Matchday 11,2026-06-21,18:00 UTC-4,2026-06-22,06:00,Uruguay,Cape Verde,Group H,Miami (Miami Gardens),,
47,Matchday 16,2026-06-26,19:00 UTC-5,2026-06-27,08:00,Cape Verde,Saudi Arabia,Group H,Houston,,
48,Matchday 16,2026-06-26,18:00 UTC-6,2026-06-27,08:00,Uruguay,Spain,Group H,Guadalajara (Zapopan),,
49,Matchday 6,2026-06-16,15:00 UTC-4,2026-06-17,03:00,France,Senegal,Group I,New York/New Jersey (East Rutherford),3.0,1.0
50,Matchday 6,2026-06-16,18:00 UTC-4,2026-06-17,06:00,Iraq,Norway,Group I,Boston (Foxborough),1.0,4.0
51,Matchday 12,2026-06-22,17:00 UTC-4,2026-06-23,05:00,France,Iraq,Group I,Philadelphia,,
52,Matchday 12,2026-06-22,20:00 UTC-4,2026-06-23,08:00,Norway,Senegal,Group I,New York/New Jersey (East Rutherford),,
53,Matchday 16,2026-06-26,15:00 UTC-4,2026-06-27,03:00,Norway,France,Group I,Boston (Foxborough),,
54,Matchday 16,2026-06-26,15:00 UTC-4,2026-06-27,03:00,Senegal,Iraq,Group I,Toronto,,
55,Matchday 6,2026-06-16,20:00 UTC-5,2026-06-17,09:00,Argentina,Algeria,Group J,Kansas City,3.0,0.0
56,Matchday 6,2026-06-16,21:00 UTC-7,2026-06-17,12:00,Austria,Jordan,Group J,San Francisco Bay Area (Santa Clara),3.0,1.0
57,Matchday 12,2026-06-22,12:00 UTC-5,2026-06-23,01:00,Argentina,Austria,Group J,Dallas (Arlington),,
58,Matchday 12,2026-06-22,20:00 UTC-7,2026-06-23,11:00,Jordan,Algeria,Group J,San Francisco Bay Area (Santa Clara),,
59,Matchday 17,2026-06-27,21:00 UTC-5,2026-06-28,10:00,Algeria,Austria,Group J,Kansas City,,
60,Matchday 17,2026-06-27,21:00 UTC-5,2026-06-28,10:00,Jordan,Argentina,Group J,Dallas (Arlington),,
61,Matchday 7,2026-06-17,12:00 UTC-5,2026-06-18,01:00,Portugal,DR Congo,Group K,Houston,,
62,Matchday 7,2026-06-17,20:00 UTC-6,2026-06-18,10:00,Uzbekistan,Colombia,Group K,Mexico City,,
63,Matchday 13,2026-06-23,12:00 UTC-5,2026-06-24,01:00,Portugal,Uzbekistan,Group K,Houston,,
64,Matchday 13,2026-06-23,20:00 UTC-6,2026-06-24,10:00,Colombia,DR Congo,Group K,Guadalajara (Zapopan),,
65,Matchday 17,2026-06-27,19:30 UTC-4,2026-06-28,07:30,Colombia,Portugal,Group K,Miami (Miami Gardens),,
66,Matchday 17,2026-06-27,19:30 UTC-4,2026-06-28,07:30,DR Congo,Uzbekistan,Group K,Atlanta,,
67,Matchday 7,2026-06-17,15:00 UTC-5,2026-06-18,04:00,England,Croatia,Group L,Dallas (Arlington),,
68,Matchday 7,2026-06-17,19:00 UTC-4,2026-06-18,07:00,Ghana,Panama,Group L,Toronto,,
69,Matchday 13,2026-06-23,16:00 UTC-4,2026-06-24,04:00,England,Ghana,Group L,Boston (Foxborough),,
70,Matchday 13,2026-06-23,19:00 UTC-4,2026-06-24,07:00,Panama,Croatia,Group L,Toronto,,
71,Matchday 17,2026-06-27,17:00 UTC-4,2026-06-28,05:00,Panama,England,Group L,New York/New Jersey (East Rutherford),,
72,Matchday 17,2026-06-27,17:00 UTC-4,2026-06-28,05:00,Croatia,Ghana,Group L,Philadelphia,,
73,Round of 32,2026-06-28,12:00 UTC-7,2026-06-29,03:00,2A,2B,,Los Angeles (Inglewood),,
74,Round of 32,2026-06-29,16:30 UTC-4,2026-06-30,04:30,1E,3A/B/C/D/F,,Boston (Foxborough),,
75,Round of 32,2026-06-29,19:00 UTC-6,2026-06-30,09:00,1F,2C,,Monterrey (Guadalupe),,
76,Round of 32,2026-06-29,12:00 UTC-5,2026-06-30,01:00,1C,2F,,Houston,,
77,Round of 32,2026-06-30,17:00 UTC-4,2026-07-01,05:00,1I,3C/D/F/G/H,,New York/New Jersey (East Rutherford),,
78,Round of 32,2026-06-30,12:00 UTC-5,2026-07-01,01:00,2E,2I,,Dallas (Arlington),,
79,Round of 32,2026-06-30,19:00 UTC-6,2026-07-01,09:00,1A,3C/E/F/H/I,,Mexico City,,
80,Round of 32,2026-07-01,12:00 UTC-4,2026-07-02,00:00,1L,3E/H/I/J/K,,Atlanta,,
81,Round of 32,2026-07-01,17:00 UTC-7,2026-07-02,08:00,1D,3B/E/F/I/J,,San Francisco Bay Area (Santa Clara),,
82,Round of 32,2026-07-01,13:00 UTC-7,2026-07-02,04:00,1G,3A/E/H/I/J,,Seattle,,
83,Round of 32,2026-07-02,19:00 UTC-4,2026-07-03,07:00,2K,2L,,Toronto,,
84,Round of 32,2026-07-02,12:00 UTC-7,2026-07-03,03:00,1H,2J,,Los Angeles (Inglewood),,
85,Round of 32,2026-07-02,20:00 UTC-7,2026-07-03,11:00,1B,3E/F/G/I/J,,Vancouver,,
86,Round of 32,2026-07-03,18:00 UTC-4,2026-07-04,06:00,1J,2H,,Miami (Miami Gardens),,
87,Round of 32,2026-07-03,20:30 UTC-5,2026-07-04,09:30,1K,3D/E/I/J/L,,Kansas City,,
88,Round of 32,2026-07-03,13:00 UTC-5,2026-07-04,02:00,2D,2G,,Dallas (Arlington),,
89,Round of 16,2026-07-04,17:00 UTC-4,2026-07-05,05:00,W74,W77,,Philadelphia,,
90,Round of 16,2026-07-04,12:00 UTC-5,2026-07-05,01:00,W73,W75,,Houston,,
91,Round of 16,2026-07-05,16:00 UTC-4,2026-07-06,04:00,W76,W78,,New York/New Jersey (East Rutherford),,
92,Round of 16,2026-07-05,18:00 UTC-6,2026-07-06,08:00,W79,W80,,Mexico City,,
93,Round of 16,2026-07-06,14:00 UTC-5,2026-07-07,03:00,W83,W84,,Dallas (Arlington),,
94,Round of 16,2026-07-06,17:00 UTC-7,2026-07-07,08:00,W81,W82,,Seattle,,
95,Round of 16,2026-07-07,12:00 UTC-4,2026-07-08,00:00,W86,W88,,Atlanta,,
96,Round of 16,2026-07-07,13:00 UTC-7,2026-07-08,04:00,W85,W87,,Vancouver,,
97,Quarter-final,2026-07-09,16:00 UTC-4,2026-07-10,04:00,W89,W90,,Boston (Foxborough),,
98,Quarter-final,2026-07-10,12:00 UTC-7,2026-07-11,03:00,W93,W94,,Los Angeles (Inglewood),,
99,Quarter-final,2026-07-11,17:00 UTC-4,2026-07-12,05:00,W91,W92,,Miami (Miami Gardens),,
100,Quarter-final,2026-07-11,20:00 UTC-5,2026-07-12,09:00,W95,W96,,Kansas City,,
101,Semi-final,2026-07-14,14:00 UTC-5,2026-07-15,03:00,W97,W98,,Dallas (Arlington),,
102,Semi-final,2026-07-15,15:00 UTC-4,2026-07-16,03:00,W99,W100,,Atlanta,,
103,Match for third place,2026-07-18,17:00 UTC-4,2026-07-19,05:00,L101,L102,,Miami (Miami Gardens),,
104,Final,2026-07-19,15:00 UTC-4,2026-07-20,03:00,W101,W102,,New York/New Jersey (East Rutherford),,
