team1,team2,expected_goals1,expected_goals2,prob_team1_win,prob_draw,prob_team2_win,model_blend,most_likely_score,match_id,round,date,time,group,ground,china_date,china_time,status,predicted_winner,actual_result,actual_score,top_scores_json
Mexico,South Africa,2.832,0.763,0.741966,0.168111,0.089923,poisson+ml,2-0,1,Matchday 1,2026-06-11,13:00 UTC-6,Group A,Mexico City,2026-06-12,03:00,actual,Mexico,Mexico,2-0,"[{""score"": ""2-0"", ""probability"": 0.112871}, {""score"": ""3-0"", ""probability"": 0.098034}, {""score"": ""2-1"", ""probability"": 0.089526}, {""score"": ""1-0"", ""probability"": 0.082893}, {""score"": ""3-1"", ""probability"": 0.081269}]"
South Korea,Czech Republic,1.874,1.008,0.540972,0.263737,0.195291,poisson+ml,2-1,2,Matchday 1,2026-06-11,20:00 UTC-6,Group A,Guadalajara (Zapopan),2026-06-12,10:00,actual,South Korea,South Korea,2-1,"[{""score"": ""1-1"", ""probability"": 0.113091}, {""score"": ""1-0"", ""probability"": 0.107994}, {""score"": ""2-1"", ""probability"": 0.102045}, {""score"": ""2-0"", ""probability"": 0.097302}, {""score"": ""3-1"", ""probability"": 0.061295}]"
Czech Republic,South Africa,1.953,0.928,0.550706,0.253523,0.195771,poisson+ml,2-1,3,Matchday 8,2026-06-18,12:00 UTC-4,Group A,Atlanta,2026-06-19,00:00,predicted,Czech Republic,,,"[{""score"": ""1-0"", ""probability"": 0.112916}, {""score"": ""1-1"", ""probability"": 0.108832}, {""score"": ""2-0"", ""probability"": 0.106044}, {""score"": ""2-1"", ""probability"": 0.102361}, {""score"": ""3-1"", ""probability"": 0.064088}]"
Mexico,South Korea,1.661,1.187,0.441909,0.289882,0.268209,poisson+ml,2-1,4,Matchday 8,2026-06-18,19:00 UTC-6,Group A,Guadalajara (Zapopan),2026-06-19,09:00,predicted,Mexico,,,"[{""score"": ""1-1"", ""probability"": 0.121591}, {""score"": ""1-0"", ""probability"": 0.09864}, {""score"": ""2-1"", ""probability"": 0.097237}, {""score"": ""2-0"", ""probability"": 0.078767}, {""score"": ""0-1"", ""probability"": 0.070495}]"
Czech Republic,Mexico,1.095,1.683,0.227018,0.272409,0.500573,poisson+ml,1-2,5,Matchday 14,2026-06-24,19:00 UTC-6,Group A,Mexico City,2026-06-25,09:00,predicted,Mexico,,,"[{""score"": ""1-1"", ""probability"": 0.121852}, {""score"": ""0-1"", ""probability"": 0.107157}, {""score"": ""1-2"", ""probability"": 0.09875}, {""score"": ""0-2"", ""probability"": 0.086713}, {""score"": ""1-0"", ""probability"": 0.069713}]"
South Africa,South Korea,0.918,2.16,0.154547,0.228237,0.617215,poisson+ml,1-2,6,Matchday 14,2026-06-24,19:00 UTC-6,Group A,Monterrey (Guadalupe),2026-06-25,09:00,predicted,South Korea,,,"[{""score"": ""0-2"", ""probability"": 0.107181}, {""score"": ""0-1"", ""probability"": 0.103194}, {""score"": ""1-2"", ""probability"": 0.102372}, {""score"": ""1-1"", ""probability"": 0.098418}, {""score"": ""0-3"", ""probability"": 0.071009}]"
Canada,Bosnia & Herzegovina,2.49,0.785,0.684723,0.213082,0.102195,poisson+ml,2-0,7,Matchday 2,2026-06-12,15:00 UTC-4,Group B,Toronto,2026-06-13,03:00,actual,Canada,Draw,1-1,"[{""score"": ""2-0"", ""probability"": 0.118412}, {""score"": ""1-0"", ""probability"": 0.098898}, {""score"": ""2-1"", ""probability"": 0.09671}, {""score"": ""3-0"", ""probability"": 0.090435}, {""score"": ""1-1"", ""probability"": 0.080653}]"
Qatar,Switzerland,0.789,2.444,0.109307,0.19866,0.692033,poisson+ml,0-2,8,Matchday 3,2026-06-13,12:00 UTC-7,Group B,San Francisco Bay Area (Santa Clara),2026-06-14,03:00,actual,Switzerland,Draw,1-1,"[{""score"": ""0-2"", ""probability"": 0.118854}, {""score"": ""0-1"", ""probability"": 0.101165}, {""score"": ""1-2"", ""probability"": 0.097485}, {""score"": ""0-3"", ""probability"": 0.089069}, {""score"": ""1-1"", ""probability"": 0.082854}]"
Switzerland,Bosnia & Herzegovina,2.789,0.713,0.746285,0.171713,0.082002,poisson+ml,2-0,9,Matchday 8,2026-06-18,12:00 UTC-7,Group B,Los Angeles (Inglewood),2026-06-19,03:00,predicted,Switzerland,,,"[{""score"": ""2-0"", ""probability"": 0.120004}, {""score"": ""3-0"", ""probability"": 0.10265}, {""score"": ""1-0"", ""probability"": 0.089488}, {""score"": ""2-1"", ""probability"": 0.088927}, {""score"": ""3-1"", ""probability"": 0.079501}]"
Canada,Qatar,2.684,0.776,0.725698,0.181032,0.09327,poisson+ml,2-0,10,Matchday 8,2026-06-18,15:00 UTC-7,Group B,Vancouver,2026-06-19,06:00,predicted,Canada,,,"[{""score"": ""2-0"", ""probability"": 0.115326}, {""score"": ""3-0"", ""probability"": 0.094918}, {""score"": ""2-1"", ""probability"": 0.093018}, {""score"": ""1-0"", ""probability"": 0.089379}, {""score"": ""3-1"", ""probability"": 0.080014}]"
Switzerland,Canada,1.705,1.18,0.457624,0.268595,0.273782,poisson+ml,2-1,11,Matchday 14,2026-06-24,12:00 UTC-7,Group B,Vancouver,2026-06-25,03:00,predicted,Switzerland,,,"[{""score"": ""1-1"", ""probability"": 0.119681}, {""score"": ""2-1"", ""probability"": 0.09826}, {""score"": ""1-0"", ""probability"": 0.0977}, {""score"": ""2-0"", ""probability"": 0.080095}, {""score"": ""1-2"", ""probability"": 0.067975}]"
Bosnia & Herzegovina,Qatar,1.383,1.083,0.401921,0.298179,0.2999,poisson+ml,2-1,12,Matchday 14,2026-06-24,12:00 UTC-7,Group B,Seattle,2026-06-25,03:00,predicted,Bosnia & Herzegovina,,,"[{""score"": ""1-1"", ""probability"": 0.134333}, {""score"": ""1-0"", ""probability"": 0.119476}, {""score"": ""0-1"", ""probability"": 0.093532}, {""score"": ""0-0"", ""probability"": 0.089709}, {""score"": ""2-1"", ""probability"": 0.089454}]"
Brazil,Morocco,1.764,1.203,0.456865,0.271905,0.27123,poisson+ml,2-1,13,Matchday 3,2026-06-13,18:00 UTC-4,Group C,New York/New Jersey (East Rutherford),2026-06-14,06:00,actual,Brazil,Draw,1-1,"[{""score"": ""1-1"", ""probability"": 0.116495}, {""score"": ""2-1"", ""probability"": 0.098945}, {""score"": ""1-0"", ""probability"": 0.093286}, {""score"": ""2-0"", ""probability"": 0.079115}, {""score"": ""1-2"", ""probability"": 0.067451}]"
Haiti,Scotland,1.024,1.693,0.217772,0.283753,0.498475,poisson+ml,1-2,14,Matchday 3,2026-06-13,21:00 UTC-4,Group C,Boston (Foxborough),2026-06-14,09:00,actual,Scotland,Scotland,0-1,"[{""score"": ""1-1"", ""probability"": 0.121806}, {""score"": ""0-1"", ""probability"": 0.114547}, {""score"": ""1-2"", ""probability"": 0.099305}, {""score"": ""0-2"", ""probability"": 0.093249}, {""score"": ""0-0"", ""probability"": 0.070251}]"
Scotland,Morocco,1.103,1.704,0.23488,0.26538,0.49974,poisson+ml,1-2,15,Matchday 9,2026-06-19,18:00 UTC-4,Group C,Boston (Foxborough),2026-06-20,06:00,predicted,Morocco,,,"[{""score"": ""1-1"", ""probability"": 0.120812}, {""score"": ""0-1"", ""probability"": 0.105519}, {""score"": ""1-2"", ""probability"": 0.099111}, {""score"": ""0-2"", ""probability"": 0.086438}, {""score"": ""1-0"", ""probability"": 0.068279}]"
Brazil,Haiti,3.628,0.702,0.830656,0.11137,0.057974,poisson+ml,2-0,16,Matchday 9,2026-06-19,20:30 UTC-4,Group C,Philadelphia,2026-06-20,08:30,predicted,Brazil,,,"[{""score"": ""3-0"", ""probability"": 0.103132}, {""score"": ""4-0"", ""probability"": 0.093546}, {""score"": ""2-0"", ""probability"": 0.092691}, {""score"": ""3-1"", ""probability"": 0.078731}, {""score"": ""5-0"", ""probability"": 0.06788}]"
Scotland,Brazil,0.993,1.859,0.195925,0.250801,0.553275,poisson+ml,1-2,17,Matchday 14,2026-06-24,18:00 UTC-4,Group C,Miami (Miami Gardens),2026-06-25,06:00,predicted,Brazil,,,"[{""score"": ""1-1"", ""probability"": 0.113837}, {""score"": ""0-1"", ""probability"": 0.110429}, {""score"": ""1-2"", ""probability"": 0.101887}, {""score"": ""0-2"", ""probability"": 0.098691}, {""score"": ""0-0"", ""probability"": 0.061691}]"
Morocco,Haiti,3.284,0.758,0.795939,0.131917,0.072143,poisson+ml,2-0,18,Matchday 14,2026-06-24,18:00 UTC-4,Group C,Atlanta,2026-06-25,06:00,predicted,Morocco,,,"[{""score"": ""3-0"", ""probability"": 0.099934}, {""score"": ""2-0"", ""probability"": 0.099227}, {""score"": ""3-1"", ""probability"": 0.082296}, {""score"": ""4-0"", ""probability"": 0.082048}, {""score"": ""2-1"", ""probability"": 0.078183}]"
USA,Paraguay,1.576,1.046,0.444418,0.308162,0.247421,poisson+ml,2-1,19,Matchday 2,2026-06-12,18:00 UTC-7,Group D,Los Angeles (Inglewood),2026-06-13,09:00,actual,USA,USA,4-1,"[{""score"": ""1-1"", ""probability"": 0.127011}, {""score"": ""1-0"", ""probability"": 0.116937}, {""score"": ""2-1"", ""probability"": 0.096389}, {""score"": ""2-0"", ""probability"": 0.088612}, {""score"": ""0-1"", ""probability"": 0.077597}]"
Australia,Turkey,1.364,1.354,0.350933,0.289702,0.359365,poisson+ml,1-2,20,Matchday 3,2026-06-13,21:00 UTC-7,Group D,Vancouver,2026-06-14,12:00,predicted,Turkey,,,"[{""score"": ""1-1"", ""probability"": 0.129217}, {""score"": ""1-0"", ""probability"": 0.091931}, {""score"": ""0-1"", ""probability"": 0.091211}, {""score"": ""2-1"", ""probability"": 0.084875}, {""score"": ""1-2"", ""probability"": 0.08421}]"
USA,Australia,1.582,1.279,0.407532,0.280601,0.311867,poisson+ml,2-1,21,Matchday 9,2026-06-19,12:00 UTC-7,Group D,Seattle,2026-06-20,03:00,predicted,USA,,,"[{""score"": ""1-1"", ""probability"": 0.123072}, {""score"": ""2-1"", ""probability"": 0.093761}, {""score"": ""1-0"", ""probability"": 0.092685}, {""score"": ""1-2"", ""probability"": 0.07577}, {""score"": ""0-1"", ""probability"": 0.0749}]"
Turkey,Paraguay,1.615,0.954,0.463132,0.303679,0.233188,poisson+ml,2-1,22,Matchday 9,2026-06-19,20:00 UTC-7,Group D,San Francisco Bay Area (Santa Clara),2026-06-20,11:00,predicted,Turkey,,,"[{""score"": ""1-0"", ""probability"": 0.126421}, {""score"": ""1-1"", ""probability"": 0.125239}, {""score"": ""2-0"", ""probability"": 0.098129}, {""score"": ""2-1"", ""probability"": 0.097356}, {""score"": ""0-0"", ""probability"": 0.081314}]"
Turkey,USA,1.59,1.202,0.425321,0.271966,0.302713,poisson+ml,2-1,23,Matchday 15,2026-06-25,19:00 UTC-7,Group D,Los Angeles (Inglewood),2026-06-26,10:00,predicted,Turkey,,,"[{""score"": ""1-1"", ""probability"": 0.124449}, {""score"": ""1-0"", ""probability"": 0.09969}, {""score"": ""2-1"", ""probability"": 0.095293}, {""score"": ""2-0"", ""probability"": 0.076221}, {""score"": ""0-1"", ""probability"": 0.075355}]"
Paraguay,Australia,1.248,1.296,0.335726,0.288814,0.37546,poisson+ml,1-2,24,Matchday 15,2026-06-25,19:00 UTC-7,Group D,San Francisco Bay Area (Santa Clara),2026-06-26,10:00,predicted,Australia,,,"[{""score"": ""1-1"", ""probability"": 0.134247}, {""score"": ""0-1"", ""probability"": 0.10358}, {""score"": ""1-0"", ""probability"": 0.099713}, {""score"": ""1-2"", ""probability"": 0.083801}, {""score"": ""0-0"", ""probability"": 0.082966}]"
Germany,Curacao,4.443,0.644,0.863161,0.094793,0.042046,poisson+ml,4-0,25,Matchday 4,2026-06-14,12:00 UTC-5,Group E,Houston,2026-06-15,01:00,predicted,Germany,,,"[{""score"": ""4-0"", ""probability"": 0.105668}, {""score"": ""3-0"", ""probability"": 0.095128}, {""score"": ""5-0"", ""probability"": 0.0939}, {""score"": ""2-0"", ""probability"": 0.069815}, {""score"": ""6-0"", ""probability"": 0.069536}]"
Ivory Coast,Ecuador,1.052,1.757,0.220545,0.287338,0.492117,poisson+ml,1-2,26,Matchday 4,2026-06-14,19:00 UTC-4,Group E,Philadelphia,2026-06-15,07:00,predicted,Ecuador,,,"[{""score"": ""1-1"", ""probability"": 0.118699}, {""score"": ""0-1"", ""probability"": 0.10864}, {""score"": ""1-2"", ""probability"": 0.100397}, {""score"": ""0-2"", ""probability"": 0.091752}, {""score"": ""1-0"", ""probability"": 0.065067}]"
Germany,Ivory Coast,2.863,0.831,0.702477,0.183173,0.114349,poisson+ml,2-0,27,Matchday 10,2026-06-20,16:00 UTC-4,Group E,Toronto,2026-06-21,04:00,predicted,Germany,,,"[{""score"": ""2-0"", ""probability"": 0.104477}, {""score"": ""3-0"", ""probability"": 0.091738}, {""score"": ""2-1"", ""probability"": 0.090322}, {""score"": ""3-1"", ""probability"": 0.08289}, {""score"": ""1-0"", ""probability"": 0.075896}]"
Ecuador,Curacao,3.252,0.688,0.810905,0.122486,0.066609,poisson+ml,2-0,28,Matchday 10,2026-06-20,19:00 UTC-5,Group E,Kansas City,2026-06-21,08:00,predicted,Ecuador,,,"[{""score"": ""2-0"", ""probability"": 0.107615}, {""score"": ""3-0"", ""probability"": 0.107332}, {""score"": ""4-0"", ""probability"": 0.08727}, {""score"": ""3-1"", ""probability"": 0.08028}, {""score"": ""2-1"", ""probability"": 0.077014}]"
Curacao,Ivory Coast,1.053,1.888,0.195377,0.249393,0.55523,poisson+ml,1-2,29,Matchday 15,2026-06-25,16:00 UTC-4,Group E,Philadelphia,2026-06-26,04:00,predicted,Ivory Coast,,,"[{""score"": ""1-1"", ""probability"": 0.112275}, {""score"": ""0-1"", ""probability"": 0.102691}, {""score"": ""1-2"", ""probability"": 0.102055}, {""score"": ""0-2"", ""probability"": 0.093206}, {""score"": ""1-3"", ""probability"": 0.061752}]"
Ecuador,Germany,1.222,1.475,0.305248,0.291391,0.403361,poisson+ml,1-2,30,Matchday 15,2026-06-25,16:00 UTC-4,Group E,New York/New Jersey (East Rutherford),2026-06-26,04:00,predicted,Germany,,,"[{""score"": ""1-1"", ""probability"": 0.12882}, {""score"": ""0-1"", ""probability"": 0.101553}, {""score"": ""1-2"", ""probability"": 0.091461}, {""score"": ""1-0"", ""probability"": 0.084124}, {""score"": ""2-1"", ""probability"": 0.075765}]"
Netherlands,Japan,1.685,1.328,0.418522,0.274358,0.30712,poisson+ml,2-1,31,Matchday 4,2026-06-14,15:00 UTC-5,Group F,Dallas (Arlington),2026-06-15,04:00,predicted,Netherlands,,,"[{""score"": ""1-1"", ""probability"": 0.117255}, {""score"": ""2-1"", ""probability"": 0.095101}, {""score"": ""1-0"", ""probability"": 0.085004}, {""score"": ""1-2"", ""probability"": 0.074992}, {""score"": ""2-0"", ""probability"": 0.068841}]"
Sweden,Tunisia,1.53,1.132,0.416593,0.274707,0.3087,poisson+ml,2-1,32,Matchday 4,2026-06-14,20:00 UTC-6,Group F,Monterrey (Guadalupe),2026-06-15,10:00,predicted,Sweden,,,"[{""score"": ""1-1"", ""probability"": 0.128169}, {""score"": ""1-0"", ""probability"": 0.109048}, {""score"": ""2-1"", ""probability"": 0.094442}, {""score"": ""0-1"", ""probability"": 0.080647}, {""score"": ""2-0"", ""probability"": 0.080234}]"
Netherlands,Sweden,2.809,0.777,0.731792,0.181037,0.08717,poisson+ml,2-0,33,Matchday 10,2026-06-20,12:00 UTC-5,Group F,Houston,2026-06-21,01:00,predicted,Netherlands,,,"[{""score"": ""2-0"", ""probability"": 0.111929}, {""score"": ""3-0"", ""probability"": 0.096434}, {""score"": ""2-1"", ""probability"": 0.090393}, {""score"": ""1-0"", ""probability"": 0.082868}, {""score"": ""3-1"", ""probability"": 0.081396}]"
Tunisia,Japan,0.902,2.592,0.121307,0.208237,0.670457,poisson+ml,1-2,34,Matchday 10,2026-06-20,22:00 UTC-6,Group F,Monterrey (Guadalupe),2026-06-21,12:00,predicted,Japan,,,"[{""score"": ""0-2"", ""probability"": 0.103441}, {""score"": ""1-2"", ""probability"": 0.097005}, {""score"": ""0-1"", ""probability"": 0.083}, {""score"": ""0-3"", ""probability"": 0.082231}, {""score"": ""1-3"", ""probability"": 0.080597}]"
Japan,Sweden,2.825,0.809,0.721494,0.190318,0.088188,poisson+ml,2-0,35,Matchday 15,2026-06-25,18:00 UTC-5,Group F,Dallas (Arlington),2026-06-26,07:00,predicted,Japan,,,"[{""score"": ""2-0"", ""probability"": 0.10789}, {""score"": ""3-0"", ""probability"": 0.093482}, {""score"": ""2-1"", ""probability"": 0.090772}, {""score"": ""3-1"", ""probability"": 0.0822}, {""score"": ""1-0"", ""probability"": 0.079427}]"
Tunisia,Netherlands,0.862,2.578,0.120764,0.205302,0.673934,poisson+ml,1-2,36,Matchday 15,2026-06-25,18:00 UTC-5,Group F,Kansas City,2026-06-26,07:00,predicted,Netherlands,,,"[{""score"": ""0-2"", ""probability"": 0.107983}, {""score"": ""1-2"", ""probability"": 0.096777}, {""score"": ""0-1"", ""probability"": 0.087128}, {""score"": ""0-3"", ""probability"": 0.085365}, {""score"": ""1-3"", ""probability"": 0.079961}]"
Belgium,Egypt,2.58,0.882,0.661744,0.20881,0.129446,poisson+ml,2-1,37,Matchday 5,2026-06-15,12:00 UTC-7,Group G,Seattle,2026-06-16,03:00,predicted,Belgium,,,"[{""score"": ""2-0"", ""probability"": 0.105743}, {""score"": ""2-1"", ""probability"": 0.097012}, {""score"": ""1-0"", ""probability"": 0.085248}, {""score"": ""3-0"", ""probability"": 0.083666}, {""score"": ""3-1"", ""probability"": 0.080224}]"
Iran,New Zealand,2.223,0.993,0.614838,0.223817,0.161345,poisson+ml,2-1,38,Matchday 5,2026-06-15,18:00 UTC-7,Group G,Los Angeles (Inglewood),2026-06-16,09:00,predicted,Iran,,,"[{""score"": ""2-1"", ""probability"": 0.102359}, {""score"": ""2-0"", ""probability"": 0.09914}, {""score"": ""1-1"", ""probability"": 0.095628}, {""score"": ""1-0"", ""probability"": 0.092759}, {""score"": ""3-1"", ""probability"": 0.072934}]"
Belgium,Iran,1.901,1.155,0.491702,0.25866,0.249638,poisson+ml,2-1,39,Matchday 11,2026-06-21,12:00 UTC-7,Group G,Los Angeles (Inglewood),2026-06-22,03:00,predicted,Belgium,,,"[{""score"": ""1-1"", ""probability"": 0.110584}, {""score"": ""2-1"", ""probability"": 0.101243}, {""score"": ""1-0"", ""probability"": 0.092177}, {""score"": ""2-0"", ""probability"": 0.084266}, {""score"": ""3-1"", ""probability"": 0.061702}]"
New Zealand,Egypt,1.499,1.306,0.370785,0.290249,0.338966,poisson+ml,2-1,40,Matchday 11,2026-06-21,18:00 UTC-7,Group G,Vancouver,2026-06-22,09:00,predicted,New Zealand,,,"[{""score"": ""1-1"", ""probability"": 0.125771}, {""score"": ""1-0"", ""probability"": 0.092771}, {""score"": ""2-1"", ""probability"": 0.090794}, {""score"": ""0-1"", ""probability"": 0.080779}, {""score"": ""1-2"", ""probability"": 0.079057}]"
Egypt,Iran,1.164,1.758,0.245651,0.264794,0.489555,poisson+ml,1-2,41,Matchday 16,2026-06-26,20:00 UTC-7,Group G,Seattle,2026-06-27,11:00,predicted,Iran,,,"[{""score"": ""1-1"", ""probability"": 0.117427}, {""score"": ""1-2"", ""probability"": 0.099417}, {""score"": ""0-1"", ""probability"": 0.097145}, {""score"": ""0-2"", ""probability"": 0.082124}, {""score"": ""2-1"", ""probability"": 0.065812}]"
New Zealand,Belgium,1.012,2.181,0.159222,0.236686,0.604092,poisson+ml,1-2,42,Matchday 16,2026-06-26,20:00 UTC-7,Group G,Vancouver,2026-06-27,11:00,predicted,Belgium,,,"[{""score"": ""1-2"", ""probability"": 0.10261}, {""score"": ""1-1"", ""probability"": 0.097713}, {""score"": ""0-2"", ""probability"": 0.097503}, {""score"": ""0-1"", ""probability"": 0.092988}, {""score"": ""1-3"", ""probability"": 0.071729}]"
Spain,Cape Verde,4.8,0.562,0.889113,0.083227,0.02766,poisson+ml,4-0,43,Matchday 5,2026-06-15,12:00 UTC-4,Group H,Atlanta,2026-06-16,00:00,predicted,Spain,,,"[{""score"": ""4-0"", ""probability"": 0.113913}, {""score"": ""5-0"", ""probability"": 0.109356}, {""score"": ""3-0"", ""probability"": 0.094927}, {""score"": ""6-0"", ""probability"": 0.087485}, {""score"": ""2-0"", ""probability"": 0.064489}]"
Saudi Arabia,Uruguay,0.901,1.912,0.165652,0.255956,0.578392,poisson+ml,1-2,44,Matchday 5,2026-06-15,18:00 UTC-4,Group H,Miami (Miami Gardens),2026-06-16,06:00,predicted,Uruguay,,,"[{""score"": ""0-1"", ""probability"": 0.118257}, {""score"": ""1-1"", ""probability"": 0.110629}, {""score"": ""0-2"", ""probability"": 0.10868}, {""score"": ""1-2"", ""probability"": 0.10182}, {""score"": ""0-0"", ""probability"": 0.064244}]"
Spain,Saudi Arabia,4.8,0.608,0.868127,0.097199,0.034674,poisson+ml,4-0,45,Matchday 11,2026-06-21,12:00 UTC-4,Group H,Atlanta,2026-06-22,00:00,predicted,Spain,,,"[{""score"": ""4-0"", ""probability"": 0.108739}, {""score"": ""5-0"", ""probability"": 0.10439}, {""score"": ""3-0"", ""probability"": 0.090616}, {""score"": ""6-0"", ""probability"": 0.083512}, {""score"": ""4-1"", ""probability"": 0.066096}]"
Uruguay,Cape Verde,2.873,0.704,0.766293,0.156077,0.077631,poisson+ml,2-0,46,Matchday 11,2026-06-21,18:00 UTC-4,Group H,Miami (Miami Gardens),2026-06-22,06:00,predicted,Uruguay,,,"[{""score"": ""2-0"", ""probability"": 0.118524}, {""score"": ""3-0"", ""probability"": 0.10442}, {""score"": ""2-1"", ""probability"": 0.0868}, {""score"": ""1-0"", ""probability"": 0.085814}, {""score"": ""3-1"", ""probability"": 0.079924}]"
Cape Verde,Saudi Arabia,1.148,1.363,0.290432,0.30505,0.404517,poisson+ml,1-2,47,Matchday 16,2026-06-26,19:00 UTC-5,Group H,Houston,2026-06-27,08:00,predicted,Saudi Arabia,,,"[{""score"": ""1-1"", ""probability"": 0.134215}, {""score"": ""0-1"", ""probability"": 0.112596}, {""score"": ""1-0"", ""probability"": 0.094813}, {""score"": ""1-2"", ""probability"": 0.088089}, {""score"": ""0-0"", ""probability"": 0.085777}]"
Uruguay,Spain,0.924,2.283,0.144099,0.223157,0.632744,poisson+ml,1-2,48,Matchday 16,2026-06-26,18:00 UTC-6,Group H,Guadalajara (Zapopan),2026-06-27,08:00,predicted,Spain,,,"[{""score"": ""0-2"", ""probability"": 0.105741}, {""score"": ""1-2"", ""probability"": 0.10158}, {""score"": ""0-1"", ""probability"": 0.096325}, {""score"": ""1-1"", ""probability"": 0.092398}, {""score"": ""1-3"", ""probability"": 0.07434}]"
France,Senegal,2.816,0.847,0.703545,0.181883,0.114572,poisson+ml,2-0,49,Matchday 6,2026-06-16,15:00 UTC-4,Group I,New York/New Jersey (East Rutherford),2026-06-17,03:00,predicted,France,,,"[{""score"": ""2-0"", ""probability"": 0.104057}, {""score"": ""2-1"", ""probability"": 0.091657}, {""score"": ""3-0"", ""probability"": 0.089877}, {""score"": ""3-1"", ""probability"": 0.082741}, {""score"": ""1-0"", ""probability"": 0.076847}]"
Iraq,Norway,0.934,2.059,0.171558,0.245065,0.583377,poisson+ml,1-2,50,Matchday 6,2026-06-16,18:00 UTC-4,Group I,Boston (Foxborough),2026-06-17,06:00,predicted,Norway,,,"[{""score"": ""0-1"", ""probability"": 0.106781}, {""score"": ""0-2"", ""probability"": 0.105718}, {""score"": ""1-1"", ""probability"": 0.103586}, {""score"": ""1-2"", ""probability"": 0.102707}, {""score"": ""1-3"", ""probability"": 0.06779}]"
France,Iraq,3.819,0.666,0.82271,0.129465,0.047826,poisson+ml,2-0,51,Matchday 12,2026-06-22,17:00 UTC-4,Group I,Philadelphia,2026-06-23,05:00,predicted,France,,,"[{""score"": ""3-0"", ""probability"": 0.104484}, {""score"": ""4-0"", ""probability"": 0.099749}, {""score"": ""2-0"", ""probability"": 0.08922}, {""score"": ""5-0"", ""probability"": 0.076183}, {""score"": ""3-1"", ""probability"": 0.075646}]"
Norway,Senegal,1.904,1.105,0.493583,0.260362,0.246054,poisson+ml,2-1,52,Matchday 12,2026-06-22,20:00 UTC-4,Group I,New York/New Jersey (East Rutherford),2026-06-23,08:00,predicted,Norway,,,"[{""score"": ""1-1"", ""probability"": 0.111052}, {""score"": ""2-1"", ""probability"": 0.101823}, {""score"": ""1-0"", ""probability"": 0.096742}, {""score"": ""2-0"", ""probability"": 0.088572}, {""score"": ""3-1"", ""probability"": 0.062149}]"
Norway,France,1.129,1.845,0.214144,0.262213,0.523643,poisson+ml,1-2,53,Matchday 16,2026-06-26,15:00 UTC-4,Group I,Boston (Foxborough),2026-06-27,03:00,predicted,France,,,"[{""score"": ""1-1"", ""probability"": 0.113727}, {""score"": ""1-2"", ""probability"": 0.101019}, {""score"": ""0-1"", ""probability"": 0.097002}, {""score"": ""0-2"", ""probability"": 0.086035}, {""score"": ""2-1"", ""probability"": 0.061821}]"
Senegal,Iraq,2.063,0.944,0.570657,0.264521,0.164822,poisson+ml,2-1,54,Matchday 16,2026-06-26,15:00 UTC-4,Group I,Toronto,2026-06-27,03:00,predicted,Senegal,,,"[{""score"": ""1-0"", ""probability"": 0.105563}, {""score"": ""2-0"", ""probability"": 0.104724}, {""score"": ""1-1"", ""probability"": 0.10344}, {""score"": ""2-1"", ""probability"": 0.10277}, {""score"": ""3-1"", ""probability"": 0.067969}]"
Argentina,Algeria,2.993,0.837,0.756006,0.155909,0.088085,poisson+ml,2-0,55,Matchday 6,2026-06-16,20:00 UTC-5,Group J,Kansas City,2026-06-17,09:00,predicted,Argentina,,,"[{""score"": ""2-0"", ""probability"": 0.100255}, {""score"": ""3-0"", ""probability"": 0.092022}, {""score"": ""2-1"", ""probability"": 0.087284}, {""score"": ""3-1"", ""probability"": 0.083734}, {""score"": ""1-0"", ""probability"": 0.06967}]"
Austria,Jordan,1.912,0.976,0.551159,0.256916,0.191925,poisson+ml,2-1,56,Matchday 6,2026-06-16,21:00 UTC-7,Group J,San Francisco Bay Area (Santa Clara),2026-06-17,12:00,predicted,Austria,,,"[{""score"": ""1-1"", ""probability"": 0.111167}, {""score"": ""1-0"", ""probability"": 0.109673}, {""score"": ""2-1"", ""probability"": 0.102341}, {""score"": ""2-0"", ""probability"": 0.100817}, {""score"": ""3-1"", ""probability"": 0.062718}]"
Argentina,Austria,2.844,0.82,0.745884,0.16021,0.093906,poisson+ml,2-0,57,Matchday 12,2026-06-22,12:00 UTC-5,Group J,Dallas (Arlington),2026-06-23,01:00,predicted,Argentina,,,"[{""score"": ""2-0"", ""probability"": 0.106244}, {""score"": ""3-0"", ""probability"": 0.092663}, {""score"": ""2-1"", ""probability"": 0.090555}, {""score"": ""3-1"", ""probability"": 0.082545}, {""score"": ""1-0"", ""probability"": 0.077702}]"
Jordan,Algeria,1.182,1.63,0.265505,0.276291,0.458204,poisson+ml,1-2,58,Matchday 12,2026-06-22,20:00 UTC-7,Group J,San Francisco Bay Area (Santa Clara),2026-06-23,11:00,predicted,Algeria,,,"[{""score"": ""1-1"", ""probability"": 0.123077}, {""score"": ""0-1"", ""probability"": 0.100305}, {""score"": ""1-2"", ""probability"": 0.096602}, {""score"": ""0-2"", ""probability"": 0.078612}, {""score"": ""1-0"", ""probability"": 0.072704}]"
Algeria,Austria,1.535,1.302,0.393104,0.288261,0.318635,poisson+ml,2-1,59,Matchday 17,2026-06-27,21:00 UTC-5,Group J,Kansas City,2026-06-28,10:00,predicted,Algeria,,,"[{""score"": ""1-1"", ""probability"": 0.124412}, {""score"": ""1-0"", ""probability"": 0.092005}, {""score"": ""2-1"", ""probability"": 0.091977}, {""score"": ""0-1"", ""probability"": 0.078025}, {""score"": ""1-2"", ""probability"": 0.078002}]"
Jordan,Argentina,0.764,3.049,0.084952,0.14715,0.767898,poisson+ml,0-2,60,Matchday 17,2026-06-27,21:00 UTC-5,Group J,Dallas (Arlington),2026-06-28,10:00,predicted,Argentina,,,"[{""score"": ""0-2"", ""probability"": 0.106224}, {""score"": ""0-3"", ""probability"": 0.099311}, {""score"": ""1-2"", ""probability"": 0.084407}, {""score"": ""1-3"", ""probability"": 0.082477}, {""score"": ""0-4"", ""probability"": 0.075691}]"
Portugal,DR Congo,3.338,0.732,0.768397,0.160756,0.070847,poisson+ml,2-0,61,Matchday 7,2026-06-17,12:00 UTC-5,Group K,Houston,2026-06-18,01:00,predicted,Portugal,,,"[{""score"": ""3-0"", ""probability"": 0.102303}, {""score"": ""2-0"", ""probability"": 0.099929}, {""score"": ""4-0"", ""probability"": 0.08538}, {""score"": ""3-1"", ""probability"": 0.081447}, {""score"": ""2-1"", ""probability"": 0.07612}]"
Uzbekistan,Colombia,1.005,1.857,0.200708,0.261552,0.53774,poisson+ml,1-2,62,Matchday 7,2026-06-17,20:00 UTC-6,Group K,Mexico City,2026-06-18,10:00,predicted,Colombia,,,"[{""score"": ""1-1"", ""probability"": 0.113931}, {""score"": ""0-1"", ""probability"": 0.109213}, {""score"": ""1-2"", ""probability"": 0.101873}, {""score"": ""0-2"", ""probability"": 0.09751}, {""score"": ""0-0"", ""probability"": 0.06107}]"
Portugal,Uzbekistan,2.549,0.879,0.666272,0.214201,0.119527,poisson+ml,2-1,63,Matchday 13,2026-06-23,12:00 UTC-5,Group K,Houston,2026-06-24,01:00,predicted,Portugal,,,"[{""score"": ""2-0"", ""probability"": 0.106693}, {""score"": ""2-1"", ""probability"": 0.097521}, {""score"": ""1-0"", ""probability"": 0.08706}, {""score"": ""3-0"", ""probability"": 0.083403}, {""score"": ""3-1"", ""probability"": 0.079676}]"
Colombia,DR Congo,2.953,0.728,0.743974,0.163906,0.09212,poisson+ml,2-0,64,Matchday 13,2026-06-23,20:00 UTC-6,Group K,Guadalajara (Zapopan),2026-06-24,10:00,predicted,Colombia,,,"[{""score"": ""2-0"", ""probability"": 0.1132}, {""score"": ""3-0"", ""probability"": 0.102513}, {""score"": ""2-1"", ""probability"": 0.085743}, {""score"": ""3-1"", ""probability"": 0.081154}, {""score"": ""1-0"", ""probability"": 0.079734}]"
Colombia,Portugal,1.455,1.335,0.365809,0.29945,0.334742,poisson+ml,2-1,65,Matchday 17,2026-06-27,19:30 UTC-4,Group K,Miami (Miami Gardens),2026-06-28,07:30,predicted,Colombia,,,"[{""score"": ""1-1"", ""probability"": 0.126636}, {""score"": ""1-0"", ""probability"": 0.091339}, {""score"": ""2-1"", ""probability"": 0.088688}, {""score"": ""0-1"", ""probability"": 0.083837}, {""score"": ""1-2"", ""probability"": 0.081404}]"
DR Congo,Uzbekistan,1.148,1.553,0.272188,0.280419,0.447393,poisson+ml,1-2,66,Matchday 17,2026-06-27,19:30 UTC-4,Group K,Atlanta,2026-06-28,07:30,predicted,Uzbekistan,,,"[{""score"": ""1-1"", ""probability"": 0.126989}, {""score"": ""0-1"", ""probability"": 0.106543}, {""score"": ""1-2"", ""probability"": 0.094961}, {""score"": ""0-2"", ""probability"": 0.079554}, {""score"": ""1-0"", ""probability"": 0.078737}]"
England,Croatia,2.055,1.046,0.563208,0.257088,0.179704,poisson+ml,2-1,67,Matchday 7,2026-06-17,15:00 UTC-5,Group L,Dallas (Arlington),2026-06-18,04:00,predicted,England,,,"[{""score"": ""1-1"", ""probability"": 0.103938}, {""score"": ""2-1"", ""probability"": 0.102837}, {""score"": ""1-0"", ""probability"": 0.095716}, {""score"": ""2-0"", ""probability"": 0.094562}, {""score"": ""3-1"", ""probability"": 0.067732}]"
Ghana,Panama,0.971,1.719,0.208121,0.275334,0.516544,poisson+ml,1-2,68,Matchday 7,2026-06-17,19:00 UTC-4,Group L,Toronto,2026-06-18,07:00,predicted,Panama,,,"[{""score"": ""1-1"", ""probability"": 0.120537}, {""score"": ""0-1"", ""probability"": 0.11954}, {""score"": ""1-2"", ""probability"": 0.099776}, {""score"": ""0-2"", ""probability"": 0.098804}, {""score"": ""0-0"", ""probability"": 0.072207}]"
England,Ghana,4.776,0.626,0.885913,0.087222,0.026865,poisson+ml,4-0,69,Matchday 13,2026-06-23,16:00 UTC-4,Group L,Boston (Foxborough),2026-06-24,04:00,predicted,England,,,"[{""score"": ""4-0"", ""probability"": 0.106819}, {""score"": ""5-0"", ""probability"": 0.10204}, {""score"": ""3-0"", ""probability"": 0.089457}, {""score"": ""6-0"", ""probability"": 0.08123}, {""score"": ""4-1"", ""probability"": 0.066913}]"
Panama,Croatia,1.042,1.689,0.224252,0.275645,0.500103,poisson+ml,1-2,70,Matchday 13,2026-06-23,19:00 UTC-4,Group L,Toronto,2026-06-24,07:00,predicted,Croatia,,,"[{""score"": ""1-1"", ""probability"": 0.121952}, {""score"": ""0-1"", ""probability"": 0.112664}, {""score"": ""1-2"", ""probability"": 0.099167}, {""score"": ""0-2"", ""probability"": 0.091479}, {""score"": ""1-0"", ""probability"": 0.069534}]"
Panama,England,0.891,2.373,0.136009,0.200132,0.66386,poisson+ml,1-2,71,Matchday 17,2026-06-27,17:00 UTC-4,Group L,New York/New Jersey (East Rutherford),2026-06-28,05:00,predicted,England,,,"[{""score"": ""0-2"", ""probability"": 0.10819}, {""score"": ""1-2"", ""probability"": 0.100303}, {""score"": ""0-1"", ""probability"": 0.094846}, {""score"": ""1-1"", ""probability"": 0.087801}, {""score"": ""0-3"", ""probability"": 0.078721}]"
Croatia,Ghana,3.256,0.695,0.784614,0.146735,0.06865,poisson+ml,2-0,72,Matchday 17,2026-06-27,17:00 UTC-4,Group L,Philadelphia,2026-06-28,05:00,predicted,Croatia,,,"[{""score"": ""2-0"", ""probability"": 0.106779}, {""score"": ""3-0"", ""probability"": 0.106619}, {""score"": ""4-0"", ""probability"": 0.086787}, {""score"": ""3-1"", ""probability"": 0.080497}, {""score"": ""2-1"", ""probability"": 0.077136}]"
South Korea,Canada,1.585,1.214,0.420485,0.27411,0.305406,poisson+ml,2-1,73,Round of 32,2026-06-28,12:00 UTC-7,,Los Angeles (Inglewood),2026-06-29,03:00,predicted,South Korea,,,"[{""score"": ""1-1"", ""probability"": 0.124443}, {""score"": ""1-0"", ""probability"": 0.098679}, {""score"": ""2-1"", ""probability"": 0.094957}, {""score"": ""0-1"", ""probability"": 0.075615}, {""score"": ""2-0"", ""probability"": 0.075186}]"
Germany,Bosnia & Herzegovina,3.752,0.647,0.834711,0.123046,0.042243,poisson+ml,2-0,74,Round of 32,2026-06-29,16:30 UTC-4,,Boston (Foxborough),2026-06-30,04:30,predicted,Germany,,,"[{""score"": ""3-0"", ""probability"": 0.107493}, {""score"": ""4-0"", ""probability"": 0.100838}, {""score"": ""2-0"", ""probability"": 0.093413}, {""score"": ""5-0"", ""probability"": 0.075676}, {""score"": ""3-1"", ""probability"": 0.075599}]"
Netherlands,Morocco,1.762,1.226,0.443416,0.261778,0.294805,poisson+ml,2-1,75,Round of 32,2026-06-29,19:00 UTC-6,,Monterrey (Guadalupe),2026-06-30,09:00,predicted,Netherlands,,,"[{""score"": ""1-1"", ""probability"": 0.116128}, {""score"": ""2-1"", ""probability"": 0.098535}, {""score"": ""1-0"", ""probability"": 0.091241}, {""score"": ""2-0"", ""probability"": 0.077303}, {""score"": ""1-2"", ""probability"": 0.06853}]"
Brazil,Japan,1.686,1.302,0.420461,0.282998,0.296541,poisson+ml,2-1,76,Round of 32,2026-06-29,12:00 UTC-5,,Houston,2026-06-30,01:00,predicted,Brazil,,,"[{""score"": ""1-1"", ""probability"": 0.117878}, {""score"": ""2-1"", ""probability"": 0.0957}, {""score"": ""1-0"", ""probability"": 0.087161}, {""score"": ""1-2"", ""probability"": 0.073915}, {""score"": ""2-0"", ""probability"": 0.070658}]"
France,Australia,2.588,0.884,0.686439,0.190377,0.123184,poisson+ml,2-1,77,Round of 32,2026-06-30,17:00 UTC-4,,New York/New Jersey (East Rutherford),2026-07-01,05:00,predicted,France,,,"[{""score"": ""2-0"", ""probability"": 0.105425}, {""score"": ""2-1"", ""probability"": 0.096884}, {""score"": ""1-0"", ""probability"": 0.084728}, {""score"": ""3-0"", ""probability"": 0.083675}, {""score"": ""3-1"", ""probability"": 0.080367}]"
Ecuador,Norway,1.451,1.234,0.400759,0.291011,0.30823,poisson+ml,2-1,78,Round of 32,2026-06-30,12:00 UTC-5,,Dallas (Arlington),2026-07-01,01:00,predicted,Ecuador,,,"[{""score"": ""1-1"", ""probability"": 0.129449}, {""score"": ""1-0"", ""probability"": 0.101049}, {""score"": ""2-1"", ""probability"": 0.090444}, {""score"": ""0-1"", ""probability"": 0.085902}, {""score"": ""1-2"", ""probability"": 0.076887}]"
Mexico,Scotland,1.778,1.01,0.521552,0.266893,0.211556,poisson+ml,2-1,79,Round of 32,2026-06-30,19:00 UTC-6,,Mexico City,2026-07-01,09:00,predicted,Mexico,,,"[{""score"": ""1-1"", ""probability"": 0.117774}, {""score"": ""1-0"", ""probability"": 0.112302}, {""score"": ""2-1"", ""probability"": 0.100849}, {""score"": ""2-0"", ""probability"": 0.096021}, {""score"": ""0-0"", ""probability"": 0.065575}]"
England,Uzbekistan,2.963,0.819,0.732995,0.176312,0.090693,poisson+ml,2-0,80,Round of 32,2026-07-01,12:00 UTC-4,,Atlanta,2026-07-02,00:00,predicted,England,,,"[{""score"": ""2-0"", ""probability"": 0.102984}, {""score"": ""3-0"", ""probability"": 0.093571}, {""score"": ""2-1"", ""probability"": 0.087722}, {""score"": ""3-1"", ""probability"": 0.083303}, {""score"": ""1-0"", ""probability"": 0.072299}]"
Turkey,Austria,1.679,1.079,0.467359,0.275112,0.257529,poisson+ml,2-1,81,Round of 32,2026-07-01,17:00 UTC-7,,San Francisco Bay Area (Santa Clara),2026-07-02,08:00,predicted,Turkey,,,"[{""score"": ""1-1"", ""probability"": 0.122171}, {""score"": ""1-0"", ""probability"": 0.109073}, {""score"": ""2-1"", ""probability"": 0.098788}, {""score"": ""2-0"", ""probability"": 0.088067}, {""score"": ""0-1"", ""probability"": 0.070052}]"
Belgium,Czech Republic,2.326,0.9,0.640184,0.225719,0.134097,poisson+ml,2-1,82,Round of 32,2026-07-01,13:00 UTC-7,,Seattle,2026-07-02,04:00,predicted,Belgium,,,"[{""score"": ""2-0"", ""probability"": 0.107831}, {""score"": ""2-1"", ""probability"": 0.100934}, {""score"": ""1-0"", ""probability"": 0.096426}, {""score"": ""1-1"", ""probability"": 0.090125}, {""score"": ""3-0"", ""probability"": 0.076918}]"
Portugal,Croatia,1.788,1.139,0.476473,0.286056,0.237471,poisson+ml,2-1,83,Round of 32,2026-07-02,19:00 UTC-4,,Toronto,2026-07-03,07:00,predicted,Portugal,,,"[{""score"": ""1-1"", ""probability"": 0.116365}, {""score"": ""2-1"", ""probability"": 0.100189}, {""score"": ""1-0"", ""probability"": 0.098421}, {""score"": ""2-0"", ""probability"": 0.084614}, {""score"": ""1-2"", ""probability"": 0.063788}]"
Spain,Algeria,3.477,0.788,0.79052,0.139271,0.070209,poisson+ml,2-0,84,Round of 32,2026-07-02,12:00 UTC-7,,Los Angeles (Inglewood),2026-07-03,03:00,predicted,Spain,,,"[{""score"": ""3-0"", ""probability"": 0.095833}, {""score"": ""2-0"", ""probability"": 0.089883}, {""score"": ""4-0"", ""probability"": 0.083296}, {""score"": ""3-1"", ""probability"": 0.082129}, {""score"": ""2-1"", ""probability"": 0.073702}]"
Switzerland,New Zealand,2.325,0.895,0.64445,0.212979,0.142571,poisson+ml,2-1,85,Round of 32,2026-07-02,20:00 UTC-7,,Vancouver,2026-07-03,11:00,predicted,Switzerland,,,"[{""score"": ""2-0"", ""probability"": 0.108442}, {""score"": ""2-1"", ""probability"": 0.100885}, {""score"": ""1-0"", ""probability"": 0.097017}, {""score"": ""1-1"", ""probability"": 0.090122}, {""score"": ""3-0"", ""probability"": 0.077318}]"
Argentina,Uruguay,2.435,0.861,0.65032,0.218705,0.130974,poisson+ml,2-1,86,Round of 32,2026-07-03,18:00 UTC-4,,Miami (Miami Gardens),2026-07-04,06:00,predicted,Argentina,,,"[{""score"": ""2-0"", ""probability"": 0.110599}, {""score"": ""2-1"", ""probability"": 0.099072}, {""score"": ""1-0"", ""probability"": 0.094466}, {""score"": ""1-1"", ""probability"": 0.084495}, {""score"": ""3-0"", ""probability"": 0.082595}]"
Colombia,Panama,2.243,0.834,0.661547,0.208948,0.129506,poisson+ml,2-0,87,Round of 32,2026-07-03,20:30 UTC-5,,Kansas City,2026-07-04,09:30,predicted,Colombia,,,"[{""score"": ""2-0"", ""probability"": 0.116086}, {""score"": ""1-0"", ""probability"": 0.107649}, {""score"": ""2-1"", ""probability"": 0.100699}, {""score"": ""1-1"", ""probability"": 0.093243}, {""score"": ""3-0"", ""probability"": 0.07985}]"
USA,Iran,1.593,1.304,0.406527,0.277341,0.316131,poisson+ml,2-1,88,Round of 32,2026-07-03,13:00 UTC-5,,Dallas (Arlington),2026-07-04,02:00,predicted,USA,,,"[{""score"": ""1-1"", ""probability"": 0.121951}, {""score"": ""2-1"", ""probability"": 0.093543}, {""score"": ""1-0"", ""probability"": 0.090068}, {""score"": ""1-2"", ""probability"": 0.076557}, {""score"": ""0-1"", ""probability"": 0.073713}]"
Germany,France,1.339,1.529,0.304657,0.276692,0.418651,poisson+ml,1-2,89,Round of 16,2026-07-04,17:00 UTC-4,,Philadelphia,2026-07-05,05:00,predicted,France,,,"[{""score"": ""1-1"", ""probability"": 0.123631}, {""score"": ""1-2"", ""probability"": 0.090991}, {""score"": ""0-1"", ""probability"": 0.088881}, {""score"": ""2-1"", ""probability"": 0.079733}, {""score"": ""1-0"", ""probability"": 0.077884}]"
South Korea,Netherlands,1.187,1.724,0.252789,0.273226,0.473985,poisson+ml,1-2,90,Round of 16,2026-07-04,12:00 UTC-5,,Houston,2026-07-05,01:00,predicted,Netherlands,,,"[{""score"": ""1-1"", ""probability"": 0.118669}, {""score"": ""1-2"", ""probability"": 0.098514}, {""score"": ""0-1"", ""probability"": 0.096293}, {""score"": ""0-2"", ""probability"": 0.07982}, {""score"": ""2-1"", ""probability"": 0.067806}]"
Brazil,Ecuador,1.742,1.052,0.489427,0.287176,0.223397,poisson+ml,2-1,91,Round of 16,2026-07-05,16:00 UTC-4,,New York/New Jersey (East Rutherford),2026-07-06,04:00,predicted,Brazil,,,"[{""score"": ""1-1"", ""probability"": 0.119419}, {""score"": ""1-0"", ""probability"": 0.109362}, {""score"": ""2-1"", ""probability"": 0.100144}, {""score"": ""2-0"", ""probability"": 0.091575}, {""score"": ""0-1"", ""probability"": 0.066025}]"
Mexico,England,1.213,1.825,0.239701,0.266486,0.493813,poisson+ml,1-2,92,Round of 16,2026-07-05,18:00 UTC-6,,Mexico City,2026-07-06,08:00,predicted,England,,,"[{""score"": ""1-1"", ""probability"": 0.113377}, {""score"": ""1-2"", ""probability"": 0.099607}, {""score"": ""0-1"", ""probability"": 0.08998}, {""score"": ""0-2"", ""probability"": 0.078935}, {""score"": ""2-1"", ""probability"": 0.066236}]"
Portugal,Spain,1.19,1.912,0.218619,0.269414,0.511967,poisson+ml,1-2,93,Round of 16,2026-07-06,14:00 UTC-5,,Dallas (Arlington),2026-07-07,03:00,predicted,Spain,,,"[{""score"": ""1-1"", ""probability"": 0.10951}, {""score"": ""1-2"", ""probability"": 0.100834}, {""score"": ""0-1"", ""probability"": 0.088648}, {""score"": ""0-2"", ""probability"": 0.081505}, {""score"": ""2-1"", ""probability"": 0.062723}]"
Turkey,Belgium,1.394,1.369,0.352271,0.281006,0.366722,poisson+ml,1-2,94,Round of 16,2026-07-06,17:00 UTC-7,,Seattle,2026-07-07,08:00,predicted,Belgium,,,"[{""score"": ""1-1"", ""probability"": 0.127727}, {""score"": ""1-0"", ""probability"": 0.089843}, {""score"": ""0-1"", ""probability"": 0.088218}, {""score"": ""2-1"", ""probability"": 0.085743}, {""score"": ""1-2"", ""probability"": 0.084193}]"
Argentina,USA,2.673,0.93,0.699144,0.187434,0.113422,poisson+ml,2-1,95,Round of 16,2026-07-07,12:00 UTC-4,,Atlanta,2026-07-08,00:00,predicted,Argentina,,,"[{""score"": ""2-0"", ""probability"": 0.09895}, {""score"": ""2-1"", ""probability"": 0.095656}, {""score"": ""3-1"", ""probability"": 0.081962}, {""score"": ""3-0"", ""probability"": 0.081123}, {""score"": ""1-0"", ""probability"": 0.076988}]"
Switzerland,Colombia,1.268,1.388,0.310767,0.29273,0.396503,poisson+ml,1-2,96,Round of 16,2026-07-07,13:00 UTC-7,,Vancouver,2026-07-08,04:00,predicted,Colombia,,,"[{""score"": ""1-1"", ""probability"": 0.13088}, {""score"": ""0-1"", ""probability"": 0.099359}, {""score"": ""1-0"", ""probability"": 0.090821}, {""score"": ""1-2"", ""probability"": 0.087449}, {""score"": ""2-1"", ""probability"": 0.079934}]"
France,Netherlands,1.91,1.114,0.524554,0.254037,0.221408,poisson+ml,2-1,97,Quarter-final,2026-07-09,16:00 UTC-4,,Boston (Foxborough),2026-07-10,04:00,predicted,France,,,"[{""score"": ""1-1"", ""probability"": 0.110674}, {""score"": ""2-1"", ""probability"": 0.101781}, {""score"": ""1-0"", ""probability"": 0.095635}, {""score"": ""2-0"", ""probability"": 0.087821}, {""score"": ""3-1"", ""probability"": 0.062309}]"
Spain,Belgium,2.651,0.931,0.69487,0.187943,0.117187,poisson+ml,2-1,98,Quarter-final,2026-07-10,12:00 UTC-7,,Los Angeles (Inglewood),2026-07-11,03:00,predicted,Spain,,,"[{""score"": ""2-0"", ""probability"": 0.09928}, {""score"": ""2-1"", ""probability"": 0.096111}, {""score"": ""3-1"", ""probability"": 0.081668}, {""score"": ""3-0"", ""probability"": 0.080716}, {""score"": ""1-0"", ""probability"": 0.077891}]"
Brazil,England,1.449,1.48,0.341434,0.291435,0.367131,poisson+ml,1-2,99,Quarter-final,2026-07-11,17:00 UTC-4,,Miami (Miami Gardens),2026-07-12,05:00,predicted,England,,,"[{""score"": ""1-1"", ""probability"": 0.121904}, {""score"": ""1-2"", ""probability"": 0.086893}, {""score"": ""2-1"", ""probability"": 0.085058}, {""score"": ""0-1"", ""probability"": 0.081005}, {""score"": ""1-0"", ""probability"": 0.079294}]"
Argentina,Colombia,2.014,1.005,0.550755,0.269115,0.180129,poisson+ml,2-1,100,Quarter-final,2026-07-11,20:00 UTC-5,,Kansas City,2026-07-12,09:00,predicted,Argentina,,,"[{""score"": ""1-1"", ""probability"": 0.106119}, {""score"": ""2-1"", ""probability"": 0.102881}, {""score"": ""1-0"", ""probability"": 0.101711}, {""score"": ""2-0"", ""probability"": 0.098461}, {""score"": ""3-1"", ""probability"": 0.066396}]"
France,Spain,1.397,1.553,0.318351,0.28939,0.392259,poisson+ml,1-2,101,Semi-final,2026-07-14,14:00 UTC-5,,Dallas (Arlington),2026-07-15,03:00,predicted,Spain,,,"[{""score"": ""1-1"", ""probability"": 0.12085}, {""score"": ""1-2"", ""probability"": 0.090353}, {""score"": ""0-1"", ""probability"": 0.083293}, {""score"": ""2-1"", ""probability"": 0.081297}, {""score"": ""1-0"", ""probability"": 0.074945}]"
England,Argentina,1.46,1.514,0.334644,0.286909,0.378448,poisson+ml,1-2,102,Semi-final,2026-07-15,15:00 UTC-4,,Atlanta,2026-07-16,03:00,predicted,Argentina,,,"[{""score"": ""1-1"", ""probability"": 0.120226}, {""score"": ""1-2"", ""probability"": 0.087654}, {""score"": ""2-1"", ""probability"": 0.084515}, {""score"": ""0-1"", ""probability"": 0.079297}, {""score"": ""1-0"", ""probability"": 0.076456}]"
France,England,1.739,1.261,0.442377,0.274556,0.283067,poisson+ml,2-1,103,Match for third place,2026-07-18,17:00 UTC-4,,Miami (Miami Gardens),2026-07-19,05:00,predicted,France,,,"[{""score"": ""1-1"", ""probability"": 0.116453}, {""score"": ""2-1"", ""probability"": 0.097519}, {""score"": ""1-0"", ""probability"": 0.088953}, {""score"": ""2-0"", ""probability"": 0.07438}, {""score"": ""1-2"", ""probability"": 0.070686}]"
Spain,Argentina,1.82,1.23,0.450422,0.278584,0.270994,poisson+ml,2-1,104,Final,2026-07-19,15:00 UTC-4,,New York/New Jersey (East Rutherford),2026-07-20,03:00,predicted,Spain,,,"[{""score"": ""1-1"", ""probability"": 0.113255}, {""score"": ""2-1"", ""probability"": 0.099268}, {""score"": ""1-0"", ""probability"": 0.088668}, {""score"": ""2-0"", ""probability"": 0.077602}, {""score"": ""1-2"", ""probability"": 0.067071}]"
